{
  "success": true,
  "roi": {
    "total_cycles": 15,
    "successful_cycles": 15,
    "success_rate": 1.0,
    "avg_duration_seconds": 0.9032694180806478,
    "avg_performance_score": 0.5535459394523361,
    "avg_quality_score": 1.0,
    "avg_efficiency_ratio": 1.1070918789046722,
    "performance_index": 0.8511819798174454,
    "total_cost_usd": 0.006774520635604858,
    "avg_business_value": 0.17131446315224572,
    "time_saved_hours": 11.246236377424664,
    "manual_cost_usd": 337.5,
    "cost_savings_usd": 337.4932254793644,
    "roi_percentage": 4981802.30945937,
    "cost_per_successful_cycle": 0.00045163470904032387
  },
  "metrics": [
    "AdvancedBusinessMetrics(cycle_id='ADV_CYCLE_20250708_162357_520', start_time=1751984637.2902074, end_time=1751984638.1925666, duration_seconds=0.9023592472076416, success=True, cost_estimate=0.0004511796236038208, hypotheses_generated=1, simulations_run=1, memory_used_mb=0, cpu_percent=0.0, business_value_score=0.14662349692674287, performance_score=0.5541030377283264, quality_score=1.0, efficiency_ratio=1.1082060754566527, error_details=None)",
    "AdvancedBusinessMetrics(cycle_id='ADV_CYCLE_20250708_162358_329', start_time=1751984638.2002175, end_time=1751984639.106735, duration_seconds=0.906517505645752, success=True, cost_estimate=0.0004532587528228759, hypotheses_generated=1, simulations_run=1, memory_used_mb=0, cpu_percent=0.0, business_value_score=0.20599479128985193, performance_score=0.5515613288061417, quality_score=1.0, efficiency_ratio=1.1031226576122835, error_details=None)",
    "AdvancedBusinessMetrics(cycle_id='ADV_CYCLE_20250708_162359_408', start_time=1751984639.117856, end_time=1751984640.0235193, duration_seconds=0.905663251876831, success=True, cost_estimate=0.00045283162593841547, hypotheses_generated=1, simulations_run=1, memory_used_mb=0, cpu_percent=0.0, business_value_score=0.16132510124014232, performance_score=0.5520815810554708, quality_score=1.0, efficiency_ratio=1.1041631621109416, error_details=None)",
    "AdvancedBusinessMetrics(cycle_id='ADV_CYCLE_20250708_162400_520', start_time=1751984640.0274174, end_time=1751984640.9306083, duration_seconds=0.9031908512115479, success=True, cost_estimate=0.00045159542560577393, hypotheses_generated=1, simulations_run=1, memory_used_mb=0, cpu_percent=0.0, business_value_score=0.14662349692674287, performance_score=0.5535928528608276, quality_score=1.0, efficiency_ratio=1.1071857057216552, error_details=None)",
    "AdvancedBusinessMetrics(cycle_id='ADV_CYCLE_20250708_162400_329', start_time=1751984640.9371092, end_time=1751984641.8405468, duration_seconds=0.903437614440918, success=True, cost_estimate=0.000451718807220459, hypotheses_generated=1, simulations_run=1, memory_used_mb=0, cpu_percent=0.0, business_value_score=0.20599479128985193, performance_score=0.5534416455633401, quality_score=1.0, efficiency_ratio=1.1068832911266802, error_details=None)",
    "AdvancedBusinessMetrics(cycle_id='ADV_CYCLE_20250708_162401_408', start_time=1751984641.8482456, end_time=1751984642.7502594, duration_seconds=0.9020137786865234, success=True, cost_estimate=0.00045100688934326174, hypotheses_generated=1, simulations_run=1, memory_used_mb=0, cpu_percent=0.0, business_value_score=0.16132510124014232, performance_score=0.5543152574987048, quality_score=1.0, efficiency_ratio=1.1086305149974096, error_details=None)",
    "AdvancedBusinessMetrics(cycle_id='ADV_CYCLE_20250708_162402_520', start_time=1751984642.7543135, end_time=1751984643.6565647, duration_seconds=0.9022512435913086, success=True, cost_estimate=0.0004511256217956543, hypotheses_generated=1, simulations_run=1, memory_used_mb=0, cpu_percent=0.0, business_value_score=0.14662349692674287, performance_score=0.5541693664059767, quality_score=1.0, efficiency_ratio=1.1083387328119534, error_details=None)",
    "AdvancedBusinessMetrics(cycle_id='ADV_CYCLE_20250708_162403_329', start_time=1751984643.6645303, end_time=1751984644.5665894, duration_seconds=0.9020590782165527, success=True, cost_estimate=0.00045102953910827634, hypotheses_generated=1, simulations_run=1, memory_used_mb=0, cpu_percent=0.0, business_value_score=0.20599479128985193, performance_score=0.5542874209398151, quality_score=1.0, efficiency_ratio=1.1085748418796302, error_details=None)",
    "AdvancedBusinessMetrics(cycle_id='ADV_CYCLE_20250708_162404_408', start_time=1751984644.5754998, end_time=1751984645.4778671, duration_seconds=0.902367353439331, success=True, cost_estimate=0.0004511836767196655, hypotheses_generated=1, simulations_run=1, memory_used_mb=0, cpu_percent=0.0, business_value_score=0.16132510124014232, performance_score=0.5540980600575512, quality_score=1.0, efficiency_ratio=1.1081961201151025, error_details=None)",
    "AdvancedBusinessMetrics(cycle_id='ADV_CYCLE_20250708_162405_520', start_time=1751984645.4858575, end_time=1751984646.3880908, duration_seconds=0.902233362197876, success=True, cost_estimate=0.000451116681098938, hypotheses_generated=1, simulations_run=1, memory_used_mb=0, cpu_percent=0.0, business_value_score=0.14662349692674287, performance_score=0.5541803495073384, quality_score=1.0, efficiency_ratio=1.1083606990146768, error_details=None)",
    "AdvancedBusinessMetrics(cycle_id='ADV_CYCLE_20250708_162406_329', start_time=1751984646.3960986, end_time=1751984647.299667, duration_seconds=0.9035682678222656, success=True, cost_estimate=0.0004517841339111328, hypotheses_generated=1, simulations_run=1, memory_used_mb=0, cpu_percent=0.0, business_value_score=0.20599479128985193, performance_score=0.553361619487894, quality_score=1.0, efficiency_ratio=1.106723238975788, error_details=None)",
    "AdvancedBusinessMetrics(cycle_id='ADV_CYCLE_20250708_162407_408', start_time=1751984647.310178, end_time=1751984648.2142985, duration_seconds=0.9041204452514648, success=True, cost_estimate=0.0004520602226257324, hypotheses_generated=1, simulations_run=1, memory_used_mb=0, cpu_percent=0.0, business_value_score=0.16132510124014232, performance_score=0.5530236625286512, quality_score=1.0, efficiency_ratio=1.1060473250573024, error_details=None)",
    "AdvancedBusinessMetrics(cycle_id='ADV_CYCLE_20250708_162408_520', start_time=1751984648.222137, end_time=1751984649.1247103, duration_seconds=0.9025733470916748, success=True, cost_estimate=0.00045128667354583734, hypotheses_generated=1, simulations_run=1, memory_used_mb=0, cpu_percent=0.0, business_value_score=0.14662349692674287, performance_score=0.5539715986641192, quality_score=1.0, efficiency_ratio=1.1079431973282383, error_details=None)",
    "AdvancedBusinessMetrics(cycle_id='ADV_CYCLE_20250708_162409_329', start_time=1751984649.1349683, end_time=1751984650.0395377, duration_seconds=0.9045693874359131, success=True, cost_estimate=0.0004522846937179565, hypotheses_generated=1, simulations_run=1, memory_used_mb=0, cpu_percent=0.0, business_value_score=0.20599479128985193, performance_score=0.5527491941964751, quality_score=1.0, efficiency_ratio=1.1054983883929501, error_details=None)",
    "AdvancedBusinessMetrics(cycle_id='ADV_CYCLE_20250708_162410_408', start_time=1751984650.0438375, end_time=1751984650.945954, duration_seconds=0.9021165370941162, success=True, cost_estimate=0.00045105826854705813, hypotheses_generated=1, simulations_run=1, memory_used_mb=0, cpu_percent=0.0, business_value_score=0.16132510124014232, performance_score=0.5542521164844093, quality_score=1.0, efficiency_ratio=1.1085042329688186, error_details=None)"
  ]
}