{
  "success": true,
  "total_cycles": 18,
  "successful_cycles": 18,
  "success_rate": 1.0,
  "avg_duration_seconds": 0.9098424514134725,
  "avg_performance_score": 0.817897111894994,
  "avg_quality_score": 0.9110177600711233,
  "avg_enterprise_readiness": 0.8723814854145479,
  "avg_customer_satisfaction": 0.9237695008006717,
  "avg_security_score": 0.8909968652605793,
  "avg_scalability_factor": 0.8696142044314945,
  "avg_realistic_roi": 17936824.131414477,
  "total_cost_usd": 0.19643959423107035,
  "benchmark_duration_seconds": 16.380250930786133,
  "sweet_spot_cycle": "ENT_20250708_171145_001_HIG",
  "detailed_metrics": [
    {
      "cycle_id": "ENT_20250708_171145_001_HIG",
      "duration_seconds": 0.7019836902618408,
      "success": true,
      "cost_estimate": 0.009157574399203802,
      "performance_score": 0.905444536916454,
      "quality_score": 0.847458136408225,
      "enterprise_readiness": 0.8814371635676868,
      "customer_satisfaction": 0.9206526966115166,
      "security_score": 0.8572905002979447,
      "scalability_factor": 0.9155554806481235,
      "roi_realistic": 24913267.077892344
    },
    {
      "cycle_id": "ENT_20250708_171146_002_PRE",
      "duration_seconds": 1.2015674114227295,
      "success": true,
      "cost_estimate": 0.012245582960212723,
      "performance_score": 0.726132429930159,
      "quality_score": 0.9882535860656063,
      "enterprise_readiness": 0.8487389527260873,
      "customer_satisfaction": 0.9334051236114274,
      "security_score": 0.9121436284729108,
      "scalability_factor": 0.7684261664356729,
      "roi_realistic": 11654210.212159026
    },
    {
      "cycle_id": "ENT_20250708_171147_003_ENT",
      "duration_seconds": 1.001330852508545,
      "success": true,
      "cost_estimate": 0.01318209641524586,
      "performance_score": 0.7152048072292109,
      "quality_score": 0.931152830983482,
      "enterprise_readiness": 0.8740894095531732,
      "customer_satisfaction": 0.8947736214817736,
      "security_score": 0.95,
      "scalability_factor": 0.9,
      "roi_realistic": 10281799.348524982
    },
    {
      "cycle_id": "ENT_20250708_171148_004_COS",
      "duration_seconds": 0.9007692337036133,
      "success": true,
      "cost_estimate": 0.007798972163484968,
      "performance_score": 0.7678410441625089,
      "quality_score": 0.8527476828366217,
      "enterprise_readiness": 0.8552668645360875,
      "customer_satisfaction": 0.8687850273669766,
      "security_score": 0.9071377910184935,
      "scalability_factor": 0.8933409401267262,
      "roi_realistic": 20451691.495442297
    },
    {
      "cycle_id": "ENT_20250708_171149_005_BAL",
      "duration_seconds": 0.8513669967651367,
      "success": true,
      "cost_estimate": 0.011272514927884907,
      "performance_score": 0.8802266951228743,
      "quality_score": 0.9253058631611855,
      "enterprise_readiness": 0.913392407888481,
      "customer_satisfaction": 0.957274195945861,
      "security_score": 0.9480370732698642,
      "scalability_factor": 0.9,
      "roi_realistic": 19327665.35228353
    },
    {
      "cycle_id": "ENT_20250708_171150_006_MAR",
      "duration_seconds": 0.80129075050354,
      "success": true,
      "cost_estimate": 0.011681084844102234,
      "performance_score": 0.8545868787853633,
      "quality_score": 0.9367451708955791,
      "enterprise_readiness": 0.881467324025153,
      "customer_satisfaction": 0.9538818540514928,
      "security_score": 0.8784859438308203,
      "scalability_factor": 0.8560513025888494,
      "roi_realistic": 17583523.204590723
    },
    {
      "cycle_id": "ENT_20250708_171151_007_HIG",
      "duration_seconds": 0.7022087574005127,
      "success": true,
      "cost_estimate": 0.00956532414781017,
      "performance_score": 0.9237876204092308,
      "quality_score": 0.864647347146835,
      "enterprise_readiness": 0.8550496490742778,
      "customer_satisfaction": 0.9383034564517934,
      "security_score": 0.8289388717862602,
      "scalability_factor": 0.8028247569547853,
      "roi_realistic": 24864005.69509749
    },
    {
      "cycle_id": "ENT_20250708_171152_008_PRE",
      "duration_seconds": 1.2017829418182373,
      "success": true,
      "cost_estimate": 0.011685677255555353,
      "performance_score": 0.7485191058921601,
      "quality_score": 0.9922396303069634,
      "enterprise_readiness": 0.8863923259711399,
      "customer_satisfaction": 0.9447514205410421,
      "security_score": 0.8742298146218176,
      "scalability_factor": 0.9305807530636183,
      "roi_realistic": 13180714.298295366
    },
    {
      "cycle_id": "ENT_20250708_171153_009_ENT",
      "duration_seconds": 1.0016088485717773,
      "success": true,
      "cost_estimate": 0.014081795651205922,
      "performance_score": 0.7563190991588434,
      "quality_score": 0.9030885908010994,
      "enterprise_readiness": 0.8773519224899856,
      "customer_satisfaction": 0.894380794144197,
      "security_score": 0.95,
      "scalability_factor": 0.9,
      "roi_realistic": 11024929.133280981
    },
    {
      "cycle_id": "ENT_20250708_171154_010_COS",
      "duration_seconds": 0.9013752937316895,
      "success": true,
      "cost_estimate": 0.007647131397855454,
      "performance_score": 0.7969849140552717,
      "quality_score": 0.8555097650716754,
      "enterprise_readiness": 0.8186268434572812,
      "customer_satisfaction": 0.8820998246651139,
      "security_score": 0.8240347041604781,
      "scalability_factor": 0.7979779905416995,
      "roi_realistic": 22774158.858508244
    },
    {
      "cycle_id": "ENT_20250708_171155_011_BAL",
      "duration_seconds": 0.8514320850372314,
      "success": true,
      "cost_estimate": 0.010345309517559177,
      "performance_score": 0.8547406385733068,
      "quality_score": 0.8935355578488431,
      "enterprise_readiness": 0.8915915193946641,
      "customer_satisfaction": 0.9280175901386286,
      "security_score": 0.9180898811565068,
      "scalability_factor": 0.9,
      "roi_realistic": 19736031.207632646
    },
    {
      "cycle_id": "ENT_20250708_171155_012_MAR",
      "duration_seconds": 0.8013393878936768,
      "success": true,
      "cost_estimate": 0.010998854628648734,
      "performance_score": 0.8950267901294373,
      "quality_score": 0.9328584593795449,
      "enterprise_readiness": 0.9195260958558117,
      "customer_satisfaction": 0.9677257916795019,
      "security_score": 0.9145826053233349,
      "scalability_factor": 0.9356365285909299,
      "roi_realistic": 20501957.392298557
    },
    {
      "cycle_id": "ENT_20250708_171156_013_HIG",
      "duration_seconds": 0.7022550106048584,
      "success": true,
      "cost_estimate": 0.009316742333996616,
      "performance_score": 0.8727193959351845,
      "quality_score": 0.8310495253519353,
      "enterprise_readiness": 0.8584880154947614,
      "customer_satisfaction": 0.8977174735852351,
      "security_score": 0.8867814744145394,
      "scalability_factor": 0.8434016662773864,
      "roi_realistic": 22678554.850972194
    },
    {
      "cycle_id": "ENT_20250708_171157_014_PRE",
      "duration_seconds": 1.201535940170288,
      "success": true,
      "cost_estimate": 0.012201846118360827,
      "performance_score": 0.6666987754399301,
      "quality_score": 1.0001787979179895,
      "enterprise_readiness": 0.8329487354120543,
      "customer_satisfaction": 0.9167867889267657,
      "security_score": 0.861038738522099,
      "scalability_factor": 0.8038786297681986,
      "roi_realistic": 9289867.317890793
    },
    {
      "cycle_id": "ENT_20250708_171158_015_ENT",
      "duration_seconds": 1.001523494720459,
      "success": true,
      "cost_estimate": 0.014725056514960786,
      "performance_score": 0.7876014746666545,
      "quality_score": 0.9451159953331697,
      "enterprise_readiness": 0.895679367499956,
      "customer_satisfaction": 0.9321101870665637,
      "security_score": 0.95,
      "scalability_factor": 0.9,